employee_id,age,department,salary,tenure_years,job_satisfaction,overtime_hours,training_hours,performance_score,attrition
E0001,57.0,Engineering,64255.0,4,High,12.1,50,3.28,No
E0002,45.0,Support,60640.0,5,High,3.1,23,2.92,No
E0003,47.0,Support,71561.0,9,Medium,4.3,35,3.04,No
E0004,55.0,Engineering,70439.0,8,Medium,9.5,16,3.13,No
E0005,43.0,Support,67716.0,4,Low,7.5,33,2.52,No
E0006,51.0,Engineering,64171.0,3,Medium,6.7,58,2.69,No
E0007,53.0,Engineering,76261.0,10,Low,16.0,2,2.78,Yes
E0008,29.0,Engineering,52538.0,3,Low,4.5,33,2.41,No
E0009,23.0,Sales,53752.0,3,Low,9.2,37,2.82,No
E0010,32.0,Engineering,52534.0,4,High,47.9,16,2.92,Yes
E0011,32.0,HR,74896.0,12,High,9.7,10,3.75,No
E0012,55.0,Support,74240.0,6,Low,4.7,8,2.83,Yes
E0013,56.0,Sales,75801.0,8,Low,26.8,6,2.26,Yes
E0014,21.0,Support,45321.0,1,Low,4.1,48,2.71,No
E0015,41.0,Support,64882.0,5,Low,7.0,32,2.3,Yes
E0016,53.0,Engineering,84250.0,11,Low,7.2,50,3.97,No
E0017,26.0,Sales,68946.0,11,Medium,3.2,26,3.44,No
E0018,52.0,HR,75043.0,8,Medium,14.5,34,3.67,Yes
E0019,25.0,Sales,70949.0,13,Medium,17.5,56,3.69,No
E0020,39.0,HR,60219.0,4,Low,8.2,23,1.83,Yes
E0021,41.0,Engineering,71741.0,2,Medium,49.0,30,3.16,Yes
E0022,32.0,HR,50927.0,1,Low,22.2,39,2.59,Yes
E0023,34.0,Sales,40212.0,2,Medium,13.6,38,2.93,No
E0024,31.0,Engineering,74246.0,11,Medium,23.5,58,3.71,Yes
E0025,49.0,Engineering,79151.0,13,High,13.6,49,4.19,No
E0026,30.0,HR,42388.0,1,Low,5.5,34,2.73,Yes
E0027,41.0,Sales,73662.0,7,Medium,8.9,33,2.57,Yes
E0028,38.0,Finance,48655.0,1,Low,14.0,47,3.09,Yes
E0029,39.0,Sales,85101.0,12,High,35.3,45,3.57,Yes
E0030,40.0,Engineering,58735.0,1,Medium,16.9,52,2.86,Yes
E0031,43.0,Sales,58953.0,9,Medium,9.3,59,4.24,Yes
E0032,42.0,Sales,60150.0,1,High,13.6,45,3.5,No
E0033,40.0,Engineering,67908.0,11,Medium,17.1,9,2.86,Yes
E0034,59.0,Support,96409.0,13,Low,1.3,29,2.56,No
E0035,52.0,HR,68757.0,10,Low,13.2,3,2.65,Yes
E0036,51.0,Sales,51444.0,4,High,25.3,10,2.98,Yes
E0037,41.0,Sales,76828.0,12,Low,11.4,11,2.81,No
E0038,45.0,Engineering,60488.0,4,Low,8.5,41,2.38,No
E0039,34.0,Support,64492.0,11,High,,22,3.21,No
E0040,59.0,Engineering,68532.0,12,Low,28.1,49,2.9,Yes
E0041,39.0,Finance,66724.0,7,Low,18.7,37,2.98,Yes
E0042,29.0,HR,72327.0,9,Low,16.3,57,3.62,Yes
E0043,53.0,HR,66741.0,12,Low,0.3,1,3.09,No
E0044,27.0,Support,57463.0,2,Medium,3.7,9,2.23,No
E0045,54.0,Support,58003.0,0,Medium,27.9,48,2.94,Yes
E0046,44.0,Engineering,,6,Low,3.7,6,2.63,No
E0047,25.0,Sales,51584.0,2,Low,11.0,17,2.15,Yes
E0048,22.0,Engineering,62379.0,13,High,,38,3.8,No
E0049,38.0,Engineering,,13,High,9.5,25,4.36,Yes
E0050,22.0,Sales,55019.0,5,Medium,19.5,49,3.28,Yes
E0051,26.0,Engineering,48449.0,4,Low,10.4,7,2.61,Yes
E0052,41.0,HR,74166.0,10,Medium,6.1,4,2.73,No
E0053,58.0,Sales,69580.0,6,Medium,10.1,53,3.38,No
E0054,39.0,Sales,43325.0,1,Medium,6.7,36,2.22,No
E0055,52.0,Sales,,9,High,16.0,8,3.09,No
E0056,56.0,Sales,75528.0,10,Medium,5.6,15,3.47,Yes
E0057,53.0,Finance,58691.0,1,Medium,1.7,10,3.19,No
E0058,45.0,Sales,75452.0,11,Low,17.8,59,3.89,Yes
E0059,38.0,Sales,54762.0,8,Medium,13.3,18,3.19,No
E0060,41.0,Sales,63752.0,12,High,16.1,21,3.49,No
E0061,31.0,Engineering,63802.0,12,Medium,38.3,59,3.49,No
E0062,40.0,Sales,65622.0,10,Low,7.4,4,2.57,No
E0063,35.0,Engineering,59217.0,5,High,,51,3.78,No
E0064,30.0,Sales,63297.0,5,Medium,10.6,46,2.92,Yes
E0065,59.0,Sales,76369.0,10,Medium,1.1,6,3.26,No
E0066,21.0,Support,187012.0,0,Medium,7.9,18,2.14,Yes
E0067,24.0,Sales,53610.0,3,High,1.8,53,2.85,No
E0068,28.0,HR,50854.0,7,Low,9.7,25,2.4,Yes
E0069,58.0,Engineering,,14,Medium,3.4,44,3.15,No
E0070,47.0,Engineering,68223.0,11,Medium,3.1,7,2.52,No
E0071,55.0,Support,87165.0,12,Medium,24.4,46,3.96,Yes
E0072,28.0,Sales,53358.0,2,High,6.5,19,2.81,No
E0073,49.0,Finance,65057.0,4,Medium,7.2,14,2.75,No
E0074,35.0,Support,47042.0,3,Medium,11.9,7,2.89,No
E0075,40.0,HR,71254.0,11,Low,0.7,47,3.8,Yes
E0076,21.0,Sales,50564.0,8,High,3.9,15,3.01,No
E0077,45.0,HR,65839.0,3,Low,4.6,35,3.15,No
E0078,53.0,HR,76874.0,11,Medium,12.6,34,3.5,No
E0079,46.0,Support,65520.0,9,Medium,11.0,22,3.08,No
E0080,27.0,Sales,72366.0,13,High,5.3,17,3.67,No
E0081,41.0,Finance,71240.0,8,High,29.4,0,2.36,Yes
E0082,31.0,Support,46694.0,1,Low,5.7,40,2.36,No
E0083,58.0,Sales,90953.0,13,High,4.5,29,3.66,Yes
E0084,55.0,Engineering,63310.0,2,Medium,12.3,54,3.34,Yes
E0085,28.0,Sales,45391.0,0,Low,4.8,12,2.03,No
E0086,40.0,Support,71305.0,11,Medium,21.6,34,3.29,No
E0087,57.0,Finance,67458.0,6,Low,11.6,2,2.68,No
E0088,54.0,Finance,72329.0,9,Medium,4.8,1,3.28,No
E0089,48.0,HR,58857.0,1,Low,38.1,27,2.58,Yes
E0090,45.0,HR,81697.0,10,Medium,6.4,57,4.12,No
E0091,22.0,HR,62848.0,6,Low,8.8,40,2.78,Yes
E0092,49.0,Engineering,78267.0,14,Medium,11.5,11,3.1,No
E0093,39.0,Finance,77418.0,9,High,11.7,52,3.88,No
E0094,24.0,HR,65919.0,14,High,12.3,20,3.49,Yes
E0095,30.0,Engineering,67474.0,11,Low,2.5,22,2.8,No
E0096,42.0,Engineering,78843.0,12,Medium,9.5,31,3.98,Yes
E0097,49.0,Sales,62348.0,1,Low,0.9,53,2.78,No
E0098,40.0,Support,86199.0,11,Medium,7.3,37,3.1,No
E0099,44.0,HR,71282.0,9,High,8.2,21,3.49,No
E0100,54.0,Engineering,61416.0,5,Low,13.5,20,3.19,Yes
E0101,47.0,Support,72336.0,4,High,4.4,9,2.89,No
E0102,35.0,Support,62072.0,9,Medium,11.2,26,3.57,No
E0103,46.0,Engineering,58322.0,2,Low,6.2,58,2.81,No
E0104,44.0,Sales,39754.0,2,High,9.6,37,2.96,No
E0105,25.0,Sales,71756.0,13,Low,3.8,23,2.87,No
E0106,23.0,Sales,66470.0,11,High,18.1,27,3.44,Yes
E0107,46.0,Engineering,74494.0,8,Low,17.4,11,3.22,Yes
E0108,36.0,Engineering,74660.0,11,Low,1.7,17,2.5,No
E0109,44.0,Finance,73192.0,4,High,7.2,34,3.79,No
E0110,33.0,Sales,64851.0,10,Medium,6.5,24,2.83,No
E0111,29.0,Support,,3,Low,0.9,1,2.11,Yes
E0112,26.0,HR,50465.0,6,Medium,2.5,23,3.24,No
E0113,35.0,Support,51950.0,2,Low,7.1,31,2.78,No
E0114,52.0,Engineering,74969.0,5,Medium,2.7,17,2.89,No
E0115,36.0,Sales,61842.0,5,Medium,9.9,30,2.38,No
E0116,35.0,Support,51583.0,6,High,15.0,36,3.47,No
E0117,43.0,Sales,68499.0,7,Low,,17,2.32,No
E0118,59.0,Sales,63261.0,0,Medium,13.9,30,3.54,Yes
E0119,36.0,Support,53979.0,5,High,23.0,19,2.92,Yes
E0120,44.0,HR,77023.0,12,Medium,5.1,24,3.38,Yes
E0121,38.0,Sales,59271.0,6,High,20.3,30,2.83,No
E0122,44.0,Sales,57992.0,8,Low,20.6,42,2.86,Yes
E0123,38.0,Finance,47177.0,1,High,22.9,4,2.08,Yes
E0124,45.0,Sales,75750.0,5,Medium,9.2,48,3.58,Yes
E0125,42.0,HR,66253.0,14,High,11.3,45,3.88,No
E0126,47.0,Sales,71298.0,8,High,4.4,38,3.73,No
E0127,58.0,Support,67865.0,0,High,,11,2.43,No
E0128,26.0,Sales,65455.0,10,Low,15.9,20,2.66,No
E0129,42.0,Engineering,63634.0,11,Medium,12.3,44,3.97,No
E0130,38.0,Sales,58310.0,5,Low,9.2,56,2.76,Yes
E0131,34.0,Engineering,51616.0,0,Low,5.2,58,2.22,No
E0132,30.0,Support,71701.0,12,Low,0.6,6,2.95,Yes
E0133,23.0,Sales,44958.0,3,Medium,5.7,40,2.61,No
E0134,36.0,Sales,63737.0,13,Medium,1.4,48,3.59,No
E0135,53.0,Support,75167.0,5,High,,44,3.78,No
E0136,24.0,HR,59883.0,5,Low,4.4,25,2.37,No
E0137,36.0,Engineering,70705.0,11,Low,39.4,42,3.44,Yes
E0138,58.0,HR,62943.0,2,Medium,5.5,23,2.45,No
E0139,58.0,Engineering,66544.0,0,High,4.0,8,3.13,Yes
E0140,29.0,Support,65161.0,11,Medium,30.2,50,4.0,Yes
E0141,21.0,Sales,68495.0,13,Medium,1.7,8,2.98,No
E0142,47.0,Support,70731.0,14,High,21.3,39,3.77,No
E0143,21.0,HR,45806.0,1,Medium,21.9,22,2.26,No
E0144,32.0,Support,51566.0,2,Low,8.8,58,3.02,Yes
E0145,40.0,Engineering,54287.0,5,Low,2.5,21,3.01,No
E0146,55.0,Support,78652.0,10,Medium,5.6,52,3.1,No
E0147,24.0,HR,64927.0,13,High,10.6,17,3.81,No
E0148,46.0,Engineering,72633.0,12,Medium,17.5,6,2.53,Yes
E0149,41.0,Sales,64624.0,5,Low,14.3,23,2.29,Yes
E0150,26.0,Finance,,13,Medium,13.2,30,2.8,Yes
E0151,53.0,HR,65301.0,3,Medium,6.6,59,4.03,No
E0152,53.0,Sales,65454.0,1,Medium,20.1,46,2.94,Yes
E0153,39.0,Support,64296.0,6,Medium,3.7,25,3.06,No
E0154,57.0,Sales,71847.0,1,High,5.2,4,2.36,No
E0155,44.0,Engineering,63393.0,10,Low,10.9,22,3.26,No
E0156,56.0,Support,73999.0,14,Medium,16.6,32,2.77,No
E0157,58.0,Engineering,66954.0,1,Medium,13.5,28,2.69,Yes
E0158,43.0,Sales,60108.0,1,High,14.0,59,4.16,No
E0159,31.0,Engineering,65829.0,2,Medium,6.3,17,2.47,No
E0160,26.0,Sales,53308.0,2,Medium,19.1,14,2.51,Yes
E0161,42.0,Sales,61419.0,8,High,0.9,17,3.47,No
E0162,28.0,Sales,64639.0,8,Medium,5.4,7,2.53,Yes
E0163,50.0,Sales,75003.0,14,High,2.6,7,3.44,No
E0164,41.0,Sales,62692.0,6,Low,3.5,17,2.94,No
E0165,30.0,Engineering,84959.0,13,Low,13.1,13,2.99,Yes
E0166,42.0,Sales,73718.0,11,High,17.0,20,3.52,Yes
E0167,22.0,Support,66747.0,12,Low,3.8,45,3.26,No
E0168,28.0,Finance,54063.0,2,High,9.4,17,2.95,Yes
E0169,35.0,Sales,,6,Medium,32.2,48,3.22,Yes
E0170,55.0,Engineering,83597.0,13,Medium,12.0,25,3.87,No
E0171,58.0,Engineering,88315.0,11,Low,,8,3.03,No
E0172,46.0,Sales,55123.0,3,High,20.0,50,3.26,No
E0173,43.0,Sales,64601.0,12,Low,21.5,14,1.99,Yes
E0174,43.0,Support,81423.0,11,High,,31,3.88,No
E0175,23.0,Engineering,57237.0,2,High,12.7,0,2.83,Yes
E0176,35.0,Support,56070.0,1,Low,39.4,35,2.11,Yes
E0177,59.0,Sales,70419.0,3,Low,4.9,42,2.09,Yes
E0178,37.0,Engineering,63930.0,7,High,22.6,6,2.52,Yes
E0179,29.0,Support,46477.0,2,Medium,,26,3.08,No
E0180,30.0,Support,58501.0,0,Low,10.1,3,1.63,Yes
E0181,48.0,Sales,64183.0,1,Medium,15.1,38,2.66,Yes
E0182,22.0,Engineering,53388.0,4,Low,7.0,57,3.14,No
E0183,58.0,Engineering,73845.0,5,Medium,8.0,40,3.55,No
E0184,55.0,Support,75061.0,4,Medium,3.2,20,2.77,No
E0185,43.0,Sales,67933.0,6,High,8.7,41,3.41,No
E0186,39.0,Sales,73295.0,10,High,2.7,56,3.74,No
E0187,50.0,Support,56402.0,3,Low,13.1,32,3.18,Yes
E0188,41.0,Engineering,67415.0,6,Medium,10.5,20,3.24,No
E0189,39.0,Engineering,82667.0,10,Medium,20.3,9,2.87,Yes
E0190,41.0,Finance,46780.0,0,High,7.9,38,2.55,No
E0191,38.0,Engineering,73063.0,14,Low,20.2,57,3.34,Yes
E0192,50.0,Sales,86298.0,14,Medium,21.5,39,3.79,No
E0193,23.0,Engineering,56872.0,4,High,22.4,54,3.21,Yes
E0194,21.0,Sales,,13,Medium,16.6,5,3.35,No
E0195,49.0,Sales,52936.0,3,Low,13.4,7,2.36,No
E0196,35.0,Engineering,74011.0,13,Medium,11.9,4,3.14,No
E0197,52.0,Finance,66406.0,9,Low,6.5,54,3.55,No
E0198,22.0,Engineering,43239.0,3,High,9.2,26,3.21,No
E0199,56.0,HR,66362.0,0,Low,9.3,38,2.23,Yes
E0200,25.0,Engineering,51327.0,5,Low,35.4,7,2.15,Yes
E0201,37.0,Engineering,74113.0,11,Low,3.0,1,3.48,No
E0202,58.0,Support,88863.0,3,Medium,7.7,17,2.23,No
E0203,25.0,Engineering,61302.0,7,Low,11.7,48,2.93,No
E0204,46.0,Support,63499.0,1,High,4.1,11,3.08,No
E0205,49.0,Engineering,62128.0,6,High,16.2,49,3.47,No
E0206,37.0,Sales,48171.0,0,High,5.5,18,2.46,No
E0207,24.0,Engineering,59286.0,14,Low,12.5,43,2.97,Yes
E0208,41.0,Engineering,61588.0,7,Low,,27,3.01,No
E0209,37.0,Sales,63254.0,12,Medium,14.8,19,3.55,No
E0210,55.0,HR,59462.0,1,High,2.8,18,3.31,No
E0211,47.0,Support,59493.0,2,High,12.2,17,2.85,No
E0212,34.0,Sales,47196.0,2,Low,,20,2.79,No
E0213,23.0,Engineering,47426.0,8,Medium,17.7,30,2.75,Yes
E0214,44.0,Support,65350.0,12,High,9.5,29,3.68,No
E0215,31.0,Engineering,65500.0,9,High,10.0,39,3.35,No
E0216,47.0,Sales,68738.0,7,Medium,11.0,40,3.29,Yes
E0217,54.0,Engineering,89369.0,14,High,8.0,23,3.92,No
E0218,34.0,Engineering,60489.0,2,High,4.5,2,3.01,Yes
E0219,56.0,HR,63586.0,2,Medium,9.6,32,2.47,No
E0220,41.0,Engineering,73905.0,10,Low,9.1,59,3.89,No
E0221,41.0,Sales,,12,Medium,34.9,54,3.47,Yes
E0222,50.0,Support,315360.0,3,Low,13.9,25,2.14,Yes
E0223,51.0,Finance,72320.0,3,Medium,38.4,55,3.04,Yes
E0224,56.0,Sales,71902.0,7,High,9.3,55,3.2,No
E0225,59.0,Sales,73389.0,11,Medium,12.6,21,3.18,No
E0226,26.0,Sales,54770.0,4,Medium,9.9,0,2.55,No
E0227,37.0,Support,58195.0,12,High,4.6,33,3.63,No
E0228,57.0,Finance,68785.0,7,Low,4.1,3,2.64,No
E0229,32.0,Sales,69467.0,10,High,7.7,45,3.63,No
E0230,21.0,Engineering,57540.0,9,High,19.0,5,3.04,No
E0231,43.0,Sales,62959.0,7,Medium,3.6,10,2.3,No
E0232,50.0,Engineering,77680.0,8,Low,2.6,54,3.29,Yes
E0233,49.0,Finance,73199.0,14,Low,9.2,34,3.02,Yes
E0234,52.0,Sales,69951.0,5,High,5.6,24,2.98,No
E0235,46.0,Sales,75064.0,14,Low,5.3,7,2.89,No
E0236,26.0,Engineering,57292.0,11,Low,26.9,50,3.37,Yes
E0237,54.0,Engineering,67712.0,2,High,,29,2.48,No
E0238,37.0,Support,65396.0,13,Medium,14.3,41,3.04,No
E0239,54.0,Engineering,,5,Medium,8.9,2,2.44,Yes
E0240,41.0,Sales,59799.0,2,Medium,16.4,5,2.55,No
E0241,58.0,Engineering,81334.0,3,Low,8.8,41,2.89,Yes
E0242,21.0,Finance,39439.0,2,Low,8.2,21,2.71,No
E0243,54.0,Support,73139.0,5,Medium,15.4,46,3.63,Yes
E0244,45.0,Sales,50453.0,1,Low,8.9,19,2.48,No
E0245,39.0,Support,56733.0,8,Medium,22.7,16,2.87,Yes
E0246,51.0,Engineering,82088.0,14,Medium,5.1,27,3.11,No
E0247,58.0,Support,357216.0,14,Medium,25.5,6,2.75,Yes
E0248,41.0,Sales,67267.0,14,Medium,3.4,45,3.59,No
E0249,24.0,Support,57397.0,3,Low,6.6,37,2.8,No
E0250,49.0,Sales,58266.0,3,Low,10.2,5,2.29,No
E0251,29.0,Engineering,63803.0,10,High,3.2,55,3.91,No
E0252,29.0,HR,71419.0,14,Low,5.6,55,3.59,Yes
E0253,28.0,Engineering,69265.0,12,Medium,15.7,41,3.74,Yes
E0254,28.0,Sales,40214.0,3,Low,7.6,28,2.64,No
E0255,56.0,Sales,89821.0,11,High,4.9,27,3.65,No
E0256,35.0,Sales,65402.0,7,Low,15.9,21,2.78,Yes
E0257,25.0,Sales,51984.0,6,Medium,10.0,36,2.92,Yes
E0258,27.0,Sales,50693.0,7,Medium,14.2,41,2.87,No
E0259,36.0,Sales,52789.0,8,Medium,24.8,51,3.57,Yes
E0260,34.0,Engineering,61351.0,13,High,9.3,16,3.63,No
E0261,41.0,Engineering,70192.0,11,Medium,12.1,47,3.49,No
E0262,57.0,Engineering,61133.0,0,Low,49.0,42,2.29,Yes
E0263,54.0,Sales,70845.0,11,Low,1.0,39,4.04,No
E0264,43.0,Sales,58225.0,4,Medium,10.9,24,2.54,No
E0265,59.0,Engineering,82117.0,5,High,4.7,57,3.56,No
E0266,34.0,Support,60551.0,8,Low,12.9,28,2.94,No
E0267,26.0,Sales,63501.0,14,High,4.6,23,3.26,No
E0268,31.0,Engineering,57829.0,0,Low,6.4,11,2.18,Yes
E0269,24.0,Support,58702.0,7,Medium,2.7,25,3.66,No
E0270,58.0,Engineering,,3,Medium,15.9,12,2.87,No
E0271,29.0,Support,63499.0,13,Medium,9.5,17,3.47,No
E0272,38.0,Finance,51809.0,6,High,7.4,51,3.8,No
E0273,28.0,Engineering,57791.0,12,Medium,,44,3.67,No
E0274,59.0,Support,80827.0,13,Medium,21.2,34,3.79,Yes
E0275,27.0,Sales,46922.0,1,Medium,1.6,57,3.1,Yes
E0276,41.0,Sales,73366.0,11,Medium,19.6,25,3.06,No
E0277,58.0,Engineering,83986.0,11,Medium,12.5,23,3.24,No
E0278,41.0,HR,73999.0,12,Medium,6.0,46,3.95,No
E0279,56.0,Finance,85233.0,14,Medium,10.0,12,3.35,No
E0280,41.0,Sales,,11,Low,2.2,54,3.7,No
E0281,50.0,HR,63494.0,12,Low,24.1,2,1.95,Yes
E0282,49.0,Engineering,70564.0,10,Low,2.7,9,3.14,No
E0283,43.0,Sales,55448.0,4,Medium,5.7,34,3.8,No
E0284,43.0,Finance,69408.0,12,Low,17.7,59,4.0,Yes
E0285,53.0,HR,74365.0,10,High,6.7,40,3.56,No
E0286,37.0,Sales,59267.0,10,High,11.1,0,2.76,No
E0287,57.0,Finance,77132.0,14,Low,,51,3.7,No
E0288,55.0,Sales,78098.0,11,Medium,5.2,36,3.08,No
E0289,35.0,Sales,59503.0,5,High,6.3,22,3.36,No
E0290,37.0,Engineering,54086.0,4,Medium,29.3,15,2.41,Yes
E0291,48.0,Finance,67639.0,4,Medium,17.6,12,2.94,Yes
E0292,56.0,Sales,64374.0,2,Medium,14.2,15,3.01,No
E0293,24.0,Finance,40071.0,1,Medium,9.8,0,1.56,No
E0294,23.0,HR,61415.0,11,High,4.3,29,3.68,No
E0295,30.0,Sales,77236.0,11,Low,2.7,22,2.73,No
E0296,37.0,Engineering,50963.0,2,High,14.6,36,2.61,No
E0297,27.0,Engineering,61930.0,5,Medium,5.7,44,2.97,No
E0298,41.0,Engineering,83006.0,13,High,7.5,26,3.56,No
E0299,42.0,Support,82838.0,12,Medium,3.3,27,3.72,No
E0300,58.0,HR,70553.0,8,High,1.7,42,3.07,No
E0301,50.0,Finance,93600.0,14,Low,10.2,42,3.8,Yes
E0302,30.0,Sales,55256.0,4,Medium,4.0,57,4.04,No
E0303,51.0,Support,,12,Low,32.6,31,3.26,Yes
E0304,52.0,Engineering,80103.0,14,Medium,27.6,10,3.32,Yes
E0305,47.0,Support,73760.0,8,Medium,7.4,31,3.16,No
E0306,47.0,Support,61182.0,2,Low,20.4,14,1.84,Yes
E0307,33.0,Finance,55000.0,4,Low,4.4,29,2.84,Yes
E0308,48.0,Sales,77243.0,7,High,20.6,36,3.51,No
E0309,26.0,Engineering,47602.0,4,High,34.9,12,3.04,Yes
E0310,45.0,Finance,51470.0,1,Medium,14.8,24,3.51,Yes
E0311,56.0,Finance,70955.0,2,Low,,1,2.39,No
E0312,58.0,Engineering,89473.0,14,Medium,0.8,18,3.51,No
E0313,32.0,Finance,64211.0,5,Low,9.0,57,3.67,Yes
E0314,33.0,Engineering,55181.0,8,Medium,7.6,30,2.68,Yes
E0315,45.0,Engineering,72779.0,6,Medium,15.3,31,2.61,No
E0316,36.0,Support,72933.0,12,Medium,9.5,41,3.42,No
E0317,49.0,Engineering,71907.0,1,Medium,14.6,53,2.82,Yes
E0318,28.0,Engineering,45286.0,4,Low,10.6,54,3.25,Yes
E0319,27.0,Engineering,60269.0,8,Medium,4.5,0,2.6,No
E0320,22.0,Engineering,60296.0,12,Medium,2.6,56,4.41,No
E0321,39.0,Sales,52117.0,6,Medium,19.4,16,3.3,Yes
E0322,29.0,Sales,58303.0,10,Medium,5.2,49,3.83,No
E0323,32.0,Support,74926.0,12,Low,14.1,5,2.6,Yes
E0324,56.0,Engineering,73252.0,9,Medium,12.4,20,3.26,Yes
E0325,52.0,HR,73903.0,12,Medium,6.3,19,3.51,No
E0326,53.0,Support,87794.0,14,High,2.1,53,3.75,No
E0327,44.0,Sales,67128.0,3,High,11.2,21,3.07,No
E0328,25.0,Sales,61164.0,6,Low,22.0,42,3.15,Yes
E0329,50.0,Sales,58867.0,3,High,2.4,23,3.09,No
E0330,44.0,Engineering,64823.0,6,Low,44.3,10,2.88,Yes
E0331,56.0,Support,69499.0,0,Medium,10.6,44,3.29,Yes
E0332,39.0,Engineering,64186.0,10,Medium,13.0,57,3.36,No
E0333,27.0,Engineering,46479.0,3,Low,23.7,50,2.88,Yes
E0334,44.0,HR,79584.0,12,Medium,27.8,14,2.78,Yes
E0335,41.0,Sales,78055.0,10,Medium,12.3,49,3.74,No
E0336,46.0,Sales,57312.0,5,Medium,16.6,40,2.78,Yes
E0337,35.0,HR,43366.0,6,Medium,5.5,29,3.35,No
E0338,32.0,Support,55173.0,10,Medium,9.6,41,3.56,Yes
E0339,25.0,Sales,48169.0,6,Medium,3.0,35,3.46,No
E0340,58.0,HR,67505.0,3,Medium,15.5,54,3.13,Yes
E0341,50.0,Sales,63503.0,0,Low,14.1,16,1.67,Yes
E0342,39.0,Engineering,64498.0,8,Medium,14.3,39,3.88,No
E0343,30.0,Engineering,,7,Medium,15.0,9,2.68,No
E0344,45.0,Sales,74247.0,11,Medium,1.3,58,4.26,No
E0345,37.0,Engineering,47598.0,1,Low,8.1,19,2.46,No
E0346,45.0,HR,56445.0,0,Medium,4.2,3,2.51,No
E0347,24.0,Engineering,57530.0,11,Low,7.3,46,3.96,No
E0348,28.0,Sales,79822.0,10,Medium,14.3,2,2.94,Yes
E0349,49.0,HR,80759.0,11,Low,25.7,9,3.18,Yes
E0350,41.0,Sales,39222.0,0,Medium,8.2,11,1.86,No
E0351,47.0,Finance,64870.0,9,High,5.1,21,3.64,No
E0352,37.0,Sales,70502.0,14,Medium,6.3,34,3.49,No
E0353,21.0,Sales,,11,Low,8.7,34,3.09,No
E0354,50.0,Sales,261008.0,7,Medium,8.1,25,3.02,Yes
E0355,48.0,Finance,64102.0,7,Low,11.3,52,3.28,Yes
E0356,52.0,Sales,75346.0,6,High,15.7,4,3.44,Yes
E0357,55.0,HR,59477.0,0,Low,2.0,10,1.49,No
E0358,49.0,Finance,68811.0,10,Medium,1.8,12,3.04,No
E0359,53.0,Finance,64437.0,8,Medium,5.2,9,2.59,No
E0360,25.0,Sales,48602.0,7,Low,,34,3.34,No
E0361,56.0,Engineering,81869.0,13,Low,25.3,44,3.19,No
E0362,56.0,HR,76402.0,10,Low,7.6,24,3.09,No
E0363,48.0,HR,,14,Medium,18.4,30,3.33,No
E0364,52.0,Engineering,58011.0,1,High,3.5,45,3.45,No
E0365,49.0,Engineering,86835.0,14,Medium,46.0,47,3.97,Yes
E0366,55.0,Sales,75921.0,8,High,19.3,28,3.18,No
E0367,55.0,Sales,71220.0,6,Low,3.7,43,3.01,No
E0368,41.0,Engineering,53496.0,8,Medium,8.3,52,2.98,No
E0369,52.0,Sales,52215.0,0,Medium,33.6,27,2.63,Yes
E0370,56.0,Sales,87119.0,13,Low,13.3,45,3.7,Yes
E0371,32.0,Engineering,72186.0,9,High,6.1,40,3.42,No
E0372,22.0,Sales,45442.0,0,Medium,18.5,29,3.0,Yes
E0373,27.0,Sales,71306.0,13,Low,13.6,29,2.43,Yes
E0374,22.0,Finance,50450.0,6,Low,1.1,21,2.02,No
E0375,37.0,Engineering,51436.0,1,High,40.1,51,2.68,Yes
E0376,41.0,Sales,52741.0,9,High,20.1,12,2.97,No
E0377,31.0,HR,56886.0,1,Medium,9.1,17,2.54,Yes
E0378,41.0,Sales,62728.0,8,High,,17,3.21,No
E0379,48.0,Sales,73378.0,11,High,5.0,11,3.28,No
E0380,30.0,Finance,47865.0,1,Medium,1.3,21,2.87,No
E0381,58.0,Support,84017.0,11,Medium,10.7,42,3.33,No
E0382,28.0,HR,61500.0,8,Low,5.4,21,2.33,Yes
E0383,58.0,Sales,64492.0,4,Medium,3.3,8,2.16,No
E0384,43.0,Engineering,71304.0,3,Medium,5.0,10,3.3,No
E0385,41.0,Sales,50171.0,0,High,36.7,27,1.93,Yes
E0386,22.0,Sales,47168.0,2,Low,5.4,28,2.46,No
E0387,32.0,Sales,65202.0,4,Medium,20.7,22,3.25,Yes
E0388,44.0,Sales,82356.0,13,Low,26.0,6,2.94,No
E0389,25.0,HR,55678.0,7,Medium,10.6,29,2.77,No
E0390,27.0,Sales,53334.0,2,Medium,17.0,52,3.08,Yes
E0391,25.0,Sales,55295.0,11,High,3.9,26,3.84,No
E0392,47.0,Finance,62685.0,6,Low,7.4,33,3.25,No
E0393,24.0,Engineering,194032.0,12,Medium,10.8,42,3.24,Yes
E0394,21.0,Engineering,67982.0,11,Medium,4.1,5,3.23,Yes
E0395,38.0,Sales,60060.0,13,Medium,4.3,34,3.61,No
E0396,33.0,Support,69578.0,10,Low,34.2,19,3.13,Yes
E0397,43.0,HR,51751.0,1,Medium,22.3,25,3.08,Yes
E0398,57.0,Engineering,68987.0,8,Medium,9.4,15,2.8,Yes
E0399,54.0,HR,69432.0,6,Low,3.7,7,1.94,No
E0400,41.0,Sales,74282.0,12,Low,10.8,9,2.95,No
E0401,46.0,Sales,64279.0,2,Medium,3.8,37,3.53,Yes
E0402,52.0,Engineering,81116.0,6,Low,8.1,28,2.99,Yes
E0403,38.0,Finance,73231.0,12,High,10.0,5,3.34,No
E0404,46.0,Support,76528.0,9,High,11.0,10,3.99,No
E0405,29.0,HR,44060.0,0,High,5.7,43,2.76,No
E0406,41.0,Engineering,78839.0,12,High,17.0,9,3.6,No
E0407,30.0,Sales,56996.0,5,Medium,23.6,51,3.02,Yes
E0408,41.0,Support,59389.0,10,Low,7.3,42,3.22,Yes
E0409,50.0,Sales,72376.0,9,High,11.4,39,3.61,No
E0410,43.0,Sales,68747.0,9,Medium,6.5,25,3.67,No
E0411,35.0,HR,61492.0,6,Medium,11.4,10,2.39,Yes
E0412,22.0,Support,55709.0,6,Medium,24.3,40,2.93,Yes
E0413,30.0,Support,46692.0,1,High,6.2,27,2.38,No
E0414,52.0,Engineering,67785.0,8,Low,5.3,28,3.05,No
E0415,39.0,Sales,,4,Medium,8.4,42,2.93,No
E0416,58.0,Sales,60372.0,5,Medium,7.4,30,3.12,No
E0417,56.0,Support,61782.0,2,Low,11.6,3,1.74,No
E0418,54.0,Finance,88292.0,11,Low,10.3,18,2.76,No
E0419,21.0,Sales,45453.0,13,Low,1.3,37,3.69,No
E0420,22.0,Support,47095.0,5,Medium,21.6,25,2.78,Yes
E0421,43.0,Engineering,69120.0,6,Medium,7.3,11,2.96,No
E0422,34.0,Engineering,48973.0,6,Medium,9.0,28,3.18,No
E0423,53.0,Engineering,79538.0,1,High,6.1,21,2.73,No
E0424,33.0,Sales,49825.0,11,Medium,22.3,20,2.57,Yes
E0425,26.0,Engineering,75138.0,13,Medium,19.4,14,3.51,Yes
E0426,25.0,Sales,66373.0,7,High,10.6,49,3.67,No
E0427,32.0,HR,55556.0,0,Low,14.0,34,2.8,Yes
E0428,45.0,Engineering,62810.0,5,Medium,12.0,14,2.01,Yes
E0429,25.0,Support,51072.0,2,Low,5.1,45,2.2,Yes
E0430,52.0,Support,72768.0,12,Medium,8.0,13,2.38,No
E0431,32.0,Engineering,72861.0,12,High,26.2,15,3.03,Yes
E0432,33.0,Sales,50371.0,5,Low,14.7,20,2.91,Yes
E0433,46.0,Finance,63020.0,5,High,41.5,57,3.69,Yes
E0434,54.0,Engineering,86176.0,12,High,14.9,47,3.85,No
E0435,37.0,Sales,46607.0,1,Medium,2.6,38,2.92,No
E0436,52.0,Sales,74732.0,11,High,13.5,50,4.12,No
E0437,32.0,Finance,71668.0,14,Medium,8.3,51,3.72,No
E0438,26.0,Engineering,46578.0,6,Medium,,33,3.24,No
E0439,53.0,Sales,85218.0,11,Medium,2.4,52,3.73,No
E0440,50.0,Engineering,76715.0,10,Low,21.8,21,2.06,Yes
E0441,50.0,Engineering,69149.0,13,Low,18.5,23,2.92,Yes
E0442,55.0,Engineering,247780.0,0,Low,4.7,38,3.03,Yes
E0443,40.0,Finance,63960.0,10,High,7.3,58,3.8,No
E0444,28.0,Finance,50626.0,5,Low,8.7,49,2.95,Yes
E0445,43.0,Sales,74149.0,12,Low,15.5,57,3.3,No
E0446,43.0,Sales,69037.0,12,High,11.7,14,3.21,No
E0447,36.0,Engineering,64069.0,4,Low,25.9,26,2.92,Yes
E0448,45.0,Support,64170.0,8,High,6.9,40,3.46,No
E0449,31.0,HR,65931.0,7,High,28.5,56,3.29,Yes
E0450,44.0,Support,67916.0,8,Medium,17.0,42,2.2,No
E0451,51.0,Engineering,83612.0,12,Medium,11.4,54,3.53,No
E0452,24.0,Sales,55181.0,9,Low,10.6,23,2.15,No
E0453,41.0,Support,66116.0,11,Low,,37,2.58,No
E0454,46.0,Sales,64809.0,10,Low,18.2,8,2.93,Yes
E0455,22.0,HR,52357.0,3,Low,7.9,15,2.62,Yes
E0456,45.0,Sales,74846.0,8,Medium,7.0,36,2.57,No
E0457,56.0,Engineering,84075.0,5,High,8.0,14,3.28,No
E0458,53.0,Finance,,6,Medium,7.3,12,2.92,No
E0459,47.0,Engineering,60974.0,1,High,18.8,6,2.3,No
E0460,52.0,Sales,62229.0,2,Medium,16.2,22,2.89,Yes
E0461,35.0,Engineering,61277.0,5,Low,1.9,16,1.96,No
E0462,33.0,HR,55970.0,4,Medium,6.5,32,2.52,No
E0463,24.0,Sales,68213.0,9,Low,3.4,34,2.53,No
E0464,49.0,Sales,71086.0,4,Low,8.3,57,2.67,Yes
E0465,33.0,Sales,49211.0,3,High,7.0,36,3.5,No
E0466,54.0,Engineering,66230.0,6,Low,5.2,8,1.99,Yes
E0467,39.0,Engineering,74337.0,8,Low,15.2,24,2.38,Yes
E0468,55.0,Engineering,85253.0,14,Low,6.9,4,2.54,No
E0469,26.0,Sales,55294.0,7,Medium,11.4,32,3.17,No
E0470,27.0,HR,62061.0,5,Medium,8.1,32,2.88,No
E0471,34.0,Sales,54181.0,4,Low,15.3,51,3.25,Yes
E0472,22.0,Finance,51281.0,6,Medium,14.8,56,3.14,No
E0473,40.0,Finance,70502.0,13,Low,7.8,56,3.14,No
E0474,46.0,Engineering,52049.0,5,High,13.2,2,2.6,No
E0475,46.0,Engineering,67418.0,3,Medium,11.0,2,2.43,Yes
E0476,29.0,Support,52091.0,8,Medium,25.0,38,2.87,Yes
E0477,27.0,Sales,59653.0,11,Medium,5.1,57,3.84,No
E0478,42.0,Support,71265.0,14,Medium,11.3,1,3.69,No
E0479,45.0,Sales,,4,High,9.6,48,3.22,No
E0480,57.0,HR,82404.0,13,High,,33,3.79,No
E0481,55.0,Engineering,80350.0,12,Low,34.3,33,3.55,Yes
E0482,35.0,HR,47834.0,5,Medium,12.3,7,2.38,Yes
E0483,27.0,Finance,53782.0,5,Low,20.2,29,2.35,Yes
E0484,30.0,Sales,44904.0,4,Low,20.9,39,2.35,Yes
E0485,55.0,Support,,4,Low,12.1,42,2.96,Yes
E0486,38.0,Engineering,74784.0,13,Low,12.5,21,3.22,No
E0487,59.0,Engineering,70337.0,4,High,5.1,41,3.28,No
E0488,46.0,Engineering,81080.0,7,Medium,5.6,39,3.24,No
E0489,44.0,Sales,80630.0,14,High,10.5,43,4.38,No
E0490,24.0,Sales,64073.0,10,Medium,18.3,15,3.3,Yes
E0491,44.0,HR,58625.0,1,Low,29.3,55,2.27,Yes
E0492,35.0,Sales,51497.0,1,Medium,3.3,4,2.35,No
E0493,53.0,HR,71928.0,3,Medium,13.8,1,2.42,No
E0494,26.0,Finance,71459.0,12,Low,19.1,10,3.04,Yes
E0495,41.0,Finance,43442.0,3,Medium,6.1,4,2.38,No
E0496,46.0,Support,70154.0,4,High,5.2,16,2.72,No
E0497,47.0,Support,73190.0,8,Low,2.4,31,2.77,No
E0498,53.0,Sales,77895.0,7,Low,15.2,9,1.86,Yes
E0499,41.0,Finance,59080.0,1,Medium,9.5,18,2.52,No
E0500,35.0,Sales,46162.0,2,Medium,13.3,11,2.26,No
